variant,part,material,per_set_quantity,order_quantity,volume_mm3,stl,step,dxf
shared,body-bottom,A5052 t1.5 black anodized candidate,1,1,114408.02558335834,aluminum/body/7u40-r9f-body-bottom-qty1-mm.stl,aluminum/body/7u40-r9f-body-bottom-qty1-mm.step,aluminum/body/7u40-r9f-body-bottom-qty1-mm.dxf
shared,body-front_back,A5052 t1.5 black anodized candidate,2,2,30081.375350015045,aluminum/body/7u40-r9f-body-front_back-qty2-mm.stl,aluminum/body/7u40-r9f-body-front_back-qty2-mm.step,aluminum/body/7u40-r9f-body-front_back-qty2-mm.dxf
shared,body-left_right,A5052 t1.5 black anodized candidate,2,2,44296.35070003007,aluminum/body/7u40-r9f-body-left_right-qty2-mm.stl,aluminum/body/7u40-r9f-body-left_right-qty2-mm.step,aluminum/body/7u40-r9f-body-left_right-qty2-mm.dxf
t1p2,t1p2-top-a,PA12-HP black candidate,2,2,4857.027761172996,pa12/t1p2/guards/7u40-r9f-t1p2-top-a-qty2-mm.stl,pa12/t1p2/guards/7u40-r9f-t1p2-top-a-qty2-mm.step,
t1p2,t1p2-top-b,PA12-HP black candidate,2,2,4857.027761443578,pa12/t1p2/guards/7u40-r9f-t1p2-top-b-qty2-mm.stl,pa12/t1p2/guards/7u40-r9f-t1p2-top-b-qty2-mm.step,
t1p2,t1p2-lower-width-half,PA12-HP black candidate,4,4,1591.4352408157733,pa12/t1p2/guards/7u40-r9f-t1p2-lower-width-half-qty4-mm.stl,pa12/t1p2/guards/7u40-r9f-t1p2-lower-width-half-qty4-mm.step,
t1p2,t1p2-lower-depth-a,PA12-HP black candidate,2,2,2223.1546885422013,pa12/t1p2/guards/7u40-r9f-t1p2-lower-depth-a-qty2-mm.stl,pa12/t1p2/guards/7u40-r9f-t1p2-lower-depth-a-qty2-mm.step,
t1p2,t1p2-lower-depth-b,PA12-HP black candidate,2,2,2223.1546885422013,pa12/t1p2/guards/7u40-r9f-t1p2-lower-depth-b-qty2-mm.stl,pa12/t1p2/guards/7u40-r9f-t1p2-lower-depth-b-qty2-mm.step,
t1p2,t1p2-vertical-corner,PA12-HP black candidate,4,4,1137.1159283445545,pa12/t1p2/guards/7u40-r9f-t1p2-vertical-corner-qty4-mm.stl,pa12/t1p2/guards/7u40-r9f-t1p2-vertical-corner-qty4-mm.step,
t1p2,lid-frame-fr,PA12-HP black candidate,1,1,21094.55187062771,pa12/t1p2/lid/7u40-r9f-lid-frame-fr-qty1-mm.stl,pa12/t1p2/lid/7u40-r9f-lid-frame-fr-qty1-mm.step,
t1p2,lid-frame-fl,PA12-HP black candidate,1,1,21094.55187062771,pa12/t1p2/lid/7u40-r9f-lid-frame-fl-qty1-mm.stl,pa12/t1p2/lid/7u40-r9f-lid-frame-fl-qty1-mm.step,
t1p2,lid-frame-bl,PA12-HP black candidate,1,1,21094.551870627693,pa12/t1p2/lid/7u40-r9f-lid-frame-bl-qty1-mm.stl,pa12/t1p2/lid/7u40-r9f-lid-frame-bl-qty1-mm.step,
t1p2,lid-frame-br,PA12-HP black candidate,1,1,21094.55187062771,pa12/t1p2/lid/7u40-r9f-lid-frame-br-qty1-mm.stl,pa12/t1p2/lid/7u40-r9f-lid-frame-br-qty1-mm.step,
t1p2,lid-plate,A5052 t1.5 black anodized candidate,1,1,113796.90106759699,aluminum/t1p2/7u40-r9f-lid-plate-qty1-mm.stl,aluminum/t1p2/7u40-r9f-lid-plate-qty1-mm.step,aluminum/t1p2/7u40-r9f-lid-plate-qty1-mm.dxf
t1p0,t1p0-top-a,PA12-HP black candidate,2,2,3934.031495689728,pa12/t1p0/guards/7u40-r9f-t1p0-top-a-qty2-mm.stl,pa12/t1p0/guards/7u40-r9f-t1p0-top-a-qty2-mm.step,
t1p0,t1p0-top-b,PA12-HP black candidate,2,2,3934.031495959509,pa12/t1p0/guards/7u40-r9f-t1p0-top-b-qty2-mm.stl,pa12/t1p0/guards/7u40-r9f-t1p0-top-b-qty2-mm.step,
t1p0,t1p0-lower-width-half,PA12-HP black candidate,4,4,1300.1114767316772,pa12/t1p0/guards/7u40-r9f-t1p0-lower-width-half-qty4-mm.stl,pa12/t1p0/guards/7u40-r9f-t1p0-lower-width-half-qty4-mm.step,
t1p0,t1p0-lower-depth-a,PA12-HP black candidate,2,2,1819.40468854219,pa12/t1p0/guards/7u40-r9f-t1p0-lower-depth-a-qty2-mm.stl,pa12/t1p0/guards/7u40-r9f-t1p0-lower-depth-a-qty2-mm.step,
t1p0,t1p0-lower-depth-b,PA12-HP black candidate,2,2,1819.40468854219,pa12/t1p0/guards/7u40-r9f-t1p0-lower-depth-b-qty2-mm.stl,pa12/t1p0/guards/7u40-r9f-t1p0-lower-depth-b-qty2-mm.step,
t1p0,t1p0-vertical-corner,PA12-HP black candidate,4,4,931.0359283445591,pa12/t1p0/guards/7u40-r9f-t1p0-vertical-corner-qty4-mm.stl,pa12/t1p0/guards/7u40-r9f-t1p0-vertical-corner-qty4-mm.step,
t1p0,lid-frame-fr,PA12-HP black candidate,1,1,20968.20813611207,pa12/t1p0/lid/7u40-r9f-lid-frame-fr-qty1-mm.stl,pa12/t1p0/lid/7u40-r9f-lid-frame-fr-qty1-mm.step,
t1p0,lid-frame-fl,PA12-HP black candidate,1,1,20968.20813611207,pa12/t1p0/lid/7u40-r9f-lid-frame-fl-qty1-mm.stl,pa12/t1p0/lid/7u40-r9f-lid-frame-fl-qty1-mm.step,
t1p0,lid-frame-bl,PA12-HP black candidate,1,1,20968.208136112084,pa12/t1p0/lid/7u40-r9f-lid-frame-bl-qty1-mm.stl,pa12/t1p0/lid/7u40-r9f-lid-frame-bl-qty1-mm.step,
t1p0,lid-frame-br,PA12-HP black candidate,1,1,20968.20813611207,pa12/t1p0/lid/7u40-r9f-lid-frame-br-qty1-mm.stl,pa12/t1p0/lid/7u40-r9f-lid-frame-br-qty1-mm.step,
t1p0,lid-plate,A5052 t1.5 black anodized candidate,1,1,113460.54106759699,aluminum/t1p0/7u40-r9f-lid-plate-qty1-mm.stl,aluminum/t1p0/7u40-r9f-lid-plate-qty1-mm.step,aluminum/t1p0/7u40-r9f-lid-plate-qty1-mm.dxf
coupon,c1-01-guard,PA12-HP black candidate,1,1,696.5465482457441,coupons/c1-01/7u40-r9f-c1-01-guard-qty1-mm.stl,coupons/c1-01/7u40-r9f-c1-01-guard-qty1-mm.step,
coupon,c1-02-guard,PA12-HP black candidate,1,1,691.8905482457435,coupons/c1-02/7u40-r9f-c1-02-guard-qty1-mm.stl,coupons/c1-02/7u40-r9f-c1-02-guard-qty1-mm.step,
coupon,c1-03-guard,PA12-HP black candidate,1,1,706.2905482457437,coupons/c1-03/7u40-r9f-c1-03-guard-qty1-mm.stl,coupons/c1-03/7u40-r9f-c1-03-guard-qty1-mm.step,
coupon,c1-04-guard,PA12-HP black candidate,1,1,682.1945482457435,coupons/c1-04/7u40-r9f-c1-04-guard-qty1-mm.stl,coupons/c1-04/7u40-r9f-c1-04-guard-qty1-mm.step,
coupon,c1-05-guard,PA12-HP black candidate,1,1,564.6905482457436,coupons/c1-05/7u40-r9f-c1-05-guard-qty1-mm.stl,coupons/c1-05/7u40-r9f-c1-05-guard-qty1-mm.step,
coupon,c1-06-guard,PA12-HP black candidate,2,2,345.083858196336,coupons/c1-06/7u40-r9f-c1-06-guard-qty2-mm.stl,coupons/c1-06/7u40-r9f-c1-06-guard-qty2-mm.step,
coupon,c1-07-guard,PA12-HP black candidate,2,2,349.1852741228718,coupons/c1-07/7u40-r9f-c1-07-guard-qty2-mm.stl,coupons/c1-07/7u40-r9f-c1-07-guard-qty2-mm.step,
coupon,c1-metal-edge,A5052 t1.5 candidate,1,1,1199.9999999999998,coupons/c1-metal/7u40-r9f-c1-metal-edge-qty1-mm.stl,coupons/c1-metal/7u40-r9f-c1-metal-edge-qty1-mm.step,coupons/c1-metal/7u40-r9f-c1-metal-edge-qty1-mm.dxf
coupon,c2-01-wall,A5052 t1.5 candidate,1,1,1395.0,coupons/c2-01/7u40-r9f-c2-01-wall-qty1-mm.stl,coupons/c2-01/7u40-r9f-c2-01-wall-qty1-mm.step,coupons/c2-01/7u40-r9f-c2-01-wall-qty1-mm.dxf
coupon,c2-01-guard,PA12-HP black candidate,1,1,520.9699111843069,coupons/c2-01/7u40-r9f-c2-01-guard-qty1-mm.stl,coupons/c2-01/7u40-r9f-c2-01-guard-qty1-mm.step,
coupon,c2-01-frame,PA12-HP black candidate,1,1,3218.6606197286665,coupons/c2-01/7u40-r9f-c2-01-frame-qty1-mm.stl,coupons/c2-01/7u40-r9f-c2-01-frame-qty1-mm.step,
coupon,c2-01-plate,A5052 t1.5 candidate,1,1,1174.3811958466883,coupons/c2-01/7u40-r9f-c2-01-plate-qty1-mm.stl,coupons/c2-01/7u40-r9f-c2-01-plate-qty1-mm.step,coupons/c2-01/7u40-r9f-c2-01-plate-qty1-mm.dxf
coupon,c2-02-wall,A5052 t1.5 candidate,1,0,1395.0,coupons/c2-02/7u40-r9f-c2-02-wall-qty1-mm.stl,coupons/c2-02/7u40-r9f-c2-02-wall-qty1-mm.step,coupons/c2-02/7u40-r9f-c2-02-wall-qty1-mm.dxf
coupon,c2-02-guard,PA12-HP black candidate,1,0,520.9699111843069,coupons/c2-02/7u40-r9f-c2-02-guard-qty1-mm.stl,coupons/c2-02/7u40-r9f-c2-02-guard-qty1-mm.step,
coupon,c2-02-frame,PA12-HP black candidate,1,1,3203.804619728664,coupons/c2-02/7u40-r9f-c2-02-frame-qty1-mm.stl,coupons/c2-02/7u40-r9f-c2-02-frame-qty1-mm.step,
coupon,c2-02-plate,A5052 t1.5 candidate,1,0,1174.3811958466883,coupons/c2-02/7u40-r9f-c2-02-plate-qty1-mm.stl,coupons/c2-02/7u40-r9f-c2-02-plate-qty1-mm.step,coupons/c2-02/7u40-r9f-c2-02-plate-qty1-mm.dxf
coupon,c2-03-wall,A5052 t1.5 candidate,1,0,1395.0,coupons/c2-03/7u40-r9f-c2-03-wall-qty1-mm.stl,coupons/c2-03/7u40-r9f-c2-03-wall-qty1-mm.step,coupons/c2-03/7u40-r9f-c2-03-wall-qty1-mm.dxf
coupon,c2-03-guard,PA12-HP black candidate,1,0,520.9699111843069,coupons/c2-03/7u40-r9f-c2-03-guard-qty1-mm.stl,coupons/c2-03/7u40-r9f-c2-03-guard-qty1-mm.step,
coupon,c2-03-frame,PA12-HP black candidate,1,1,3233.804619728665,coupons/c2-03/7u40-r9f-c2-03-frame-qty1-mm.stl,coupons/c2-03/7u40-r9f-c2-03-frame-qty1-mm.step,
coupon,c2-03-plate,A5052 t1.5 candidate,1,0,1174.3811958466883,coupons/c2-03/7u40-r9f-c2-03-plate-qty1-mm.stl,coupons/c2-03/7u40-r9f-c2-03-plate-qty1-mm.step,coupons/c2-03/7u40-r9f-c2-03-plate-qty1-mm.dxf
coupon,c4-01-floor,A5052 t1.5 candidate,1,1,900.0,coupons/c4-01/7u40-r9f-c4-01-floor-qty1-mm.stl,coupons/c4-01/7u40-r9f-c4-01-floor-qty1-mm.step,coupons/c4-01/7u40-r9f-c4-01-floor-qty1-mm.dxf
coupon,c4-01-wall,A5052 t1.5 candidate,1,1,832.5,coupons/c4-01/7u40-r9f-c4-01-wall-qty1-mm.stl,coupons/c4-01/7u40-r9f-c4-01-wall-qty1-mm.step,coupons/c4-01/7u40-r9f-c4-01-wall-qty1-mm.dxf
coupon,c4-01-lower-guard,PA12-HP black candidate,1,1,405.93791118430977,coupons/c4-01/7u40-r9f-c4-01-lower-guard-qty1-mm.stl,coupons/c4-01/7u40-r9f-c4-01-lower-guard-qty1-mm.step,
coupon,c5-01-front,A5052 t1.5 candidate,1,1,315.0,coupons/c5-01/7u40-r9f-c5-01-front-qty1-mm.stl,coupons/c5-01/7u40-r9f-c5-01-front-qty1-mm.step,coupons/c5-01/7u40-r9f-c5-01-front-qty1-mm.dxf
coupon,c5-01-left,A5052 t1.5 candidate,1,1,359.99999999999994,coupons/c5-01/7u40-r9f-c5-01-left-qty1-mm.stl,coupons/c5-01/7u40-r9f-c5-01-left-qty1-mm.step,coupons/c5-01/7u40-r9f-c5-01-left-qty1-mm.dxf
coupon,c5-01-upper-guard,PA12-HP black candidate,1,1,392.64305577192147,coupons/c5-01/7u40-r9f-c5-01-upper-guard-qty1-mm.stl,coupons/c5-01/7u40-r9f-c5-01-upper-guard-qty1-mm.step,
