section,id,name,quantity,unit,quantityMeaning,dimensionsMm,thicknessMm,measuredThicknessMm,coverMm,widthMm,modeledThicknessMm,estimatedLoopLengthMm,material,status,unitPriceJpy,lineTotalJpy,incrementalCashJpy,productCostJpy,costTreatment,fileCount,notes
aluminum,7U40-R9-AL-BOTTOM,底板,1,piece,,"[229.4,334.0,1.5]",,,,,,,A5052 t1.5 mm; black anodizing (candidate),candidate; not approved for manufacture,,,,,unquoted,,"R6-body-derived R9 candidate geometry; verify material, finish, tolerances, and flat pattern with the fabricator."
aluminum,7U40-R9-AL-FRONT-BACK,前板・後板,2,piece,,"[226.4,89.5,1.5]",,,,,,,A5052 t1.5 mm; black anodizing (candidate),candidate; not approved for manufacture,,,,,unquoted,,"R6-body-derived R9 candidate geometry; verify material, finish, tolerances, and flat pattern with the fabricator."
aluminum,7U40-R9-AL-LEFT-RIGHT,左右板,2,piece,,"[334.0,89.5,1.5]",,,,,,,A5052 t1.5 mm; black anodizing (candidate),candidate; not approved for manufacture,,,,,unquoted,,"R6-body-derived R9 candidate geometry; verify material, finish, tolerances, and flat pattern with the fabricator."
aluminum,7U40-R9-LID-PLATE,蓋板,1,piece,,"[227.6,332.2,1.5]",,,,,,,A5052 t1.5 mm; black anodizing (candidate),R8-derived candidate; dimensions and assembly fit remain provisional,,,,,unquoted,,Aluminum lid sheet paired with the separate PA12 locating frame; not a locking lid.
pa12_guard_main,7U40-R9-PA12-GUARD-T1P2-TOP-A,上端コーナーガード A,2,piece,,"[115.6500015258789,167.9499969482422,6.1999969482421875]",1.2,,5,,,,PA12-HP dyed black candidate,main candidate,,,,,unquoted,,"Protective cover only; not a structural joint. Retention, adhesion, material tolerance, and fit are unvalidated."
pa12_guard_main,7U40-R9-PA12-GUARD-T1P2-TOP-B,上端コーナーガード B,2,piece,,"[115.6500015258789,167.9499969482422,6.1999969482421875]",1.2,,5,,,,PA12-HP dyed black candidate,main candidate,,,,,unquoted,,"Protective cover only; not a structural joint. Retention, adhesion, material tolerance, and fit are unvalidated."
pa12_guard_main,7U40-R9-PA12-GUARD-T1P2-LOWER-WIDTH-HALF,前後下辺ガード・半分,4,piece,,"[115.6500015258789,6.1999969482421875,6.200000047683716]",1.2,,5,,,,PA12-HP dyed black candidate,main candidate,,,,,unquoted,,"Protective cover only; not a structural joint. Retention, adhesion, material tolerance, and fit are unvalidated."
pa12_guard_main,7U40-R9-PA12-GUARD-T1P2-LOWER-DEPTH-A,左右下辺ガード・半分 A,2,piece,,"[3.7000045776367188,161.75,6.200000047683716]",1.2,,5,,,,PA12-HP dyed black candidate,main candidate,,,,,unquoted,,"Protective cover only; not a structural joint. Retention, adhesion, material tolerance, and fit are unvalidated."
pa12_guard_main,7U40-R9-PA12-GUARD-T1P2-LOWER-DEPTH-B,左右下辺ガード・半分 B,2,piece,,"[3.7000045776367188,161.75,6.200000047683716]",1.2,,5,,,,PA12-HP dyed black candidate,main candidate,,,,,unquoted,,"Protective cover only; not a structural joint. Retention, adhesion, material tolerance, and fit are unvalidated."
pa12_guard_main,7U40-R9-PA12-GUARD-T1P2-VERTICAL-CORNER,縦辺コーナーガード,4,piece,,"[6.200004577636719,6.1999969482421875,81.0]",1.2,,5,,,,PA12-HP dyed black candidate,main candidate,,,,,unquoted,,"Protective cover only; not a structural joint. Retention, adhesion, material tolerance, and fit are unvalidated."
pa12_guard_comparison,7U40-R9-PA12-GUARD-T1P0-TOP-A,上端コーナーガード A,2,piece,,"[115.44999694824219,167.75,6.0]",1.0,,5,,,,PA12-HP dyed black candidate,comparison only; separate from the main candidate,,,,,unquoted,,"Protective cover only; not a structural joint. Retention, adhesion, material tolerance, and fit are unvalidated."
pa12_guard_comparison,7U40-R9-PA12-GUARD-T1P0-TOP-B,上端コーナーガード B,2,piece,,"[115.44999694824219,167.75,6.0]",1.0,,5,,,,PA12-HP dyed black candidate,comparison only; separate from the main candidate,,,,,unquoted,,"Protective cover only; not a structural joint. Retention, adhesion, material tolerance, and fit are unvalidated."
pa12_guard_comparison,7U40-R9-PA12-GUARD-T1P0-LOWER-WIDTH-HALF,前後下辺ガード・半分,4,piece,,"[115.44999694824219,6.0,6.0]",1.0,,5,,,,PA12-HP dyed black candidate,comparison only; separate from the main candidate,,,,,unquoted,,"Protective cover only; not a structural joint. Retention, adhesion, material tolerance, and fit are unvalidated."
pa12_guard_comparison,7U40-R9-PA12-GUARD-T1P0-LOWER-DEPTH-A,左右下辺ガード・半分 A,2,piece,,"[3.5,161.75,6.0]",1.0,,5,,,,PA12-HP dyed black candidate,comparison only; separate from the main candidate,,,,,unquoted,,"Protective cover only; not a structural joint. Retention, adhesion, material tolerance, and fit are unvalidated."
pa12_guard_comparison,7U40-R9-PA12-GUARD-T1P0-LOWER-DEPTH-B,左右下辺ガード・半分 B,2,piece,,"[3.5,161.75,6.0]",1.0,,5,,,,PA12-HP dyed black candidate,comparison only; separate from the main candidate,,,,,unquoted,,"Protective cover only; not a structural joint. Retention, adhesion, material tolerance, and fit are unvalidated."
pa12_guard_comparison,7U40-R9-PA12-GUARD-T1P0-VERTICAL-CORNER,縦辺コーナーガード,4,piece,,"[6.0,6.0,81.0]",1.0,,5,,,,PA12-HP dyed black candidate,comparison only; separate from the main candidate,,,,,unquoted,,"Protective cover only; not a structural joint. Retention, adhesion, material tolerance, and fit are unvalidated."
pa12_lid_frame,7U40-R9-PA12-LID-FRAME-FR,蓋フレーム FR,1,piece,,,,,,,,,PA12-HP; lid-frame finish not confirmed,candidate; physical fit not validated,,,,,unquoted,,Four separate locating-corner parts. Assembly screws/nuts are listed below.
pa12_lid_frame,7U40-R9-PA12-LID-FRAME-FL,蓋フレーム FL,1,piece,,,,,,,,,PA12-HP; lid-frame finish not confirmed,candidate; physical fit not validated,,,,,unquoted,,Four separate locating-corner parts. Assembly screws/nuts are listed below.
pa12_lid_frame,7U40-R9-PA12-LID-FRAME-BL,蓋フレーム BL,1,piece,,,,,,,,,PA12-HP; lid-frame finish not confirmed,candidate; physical fit not validated,,,,,unquoted,,Four separate locating-corner parts. Assembly screws/nuts are listed below.
pa12_lid_frame,7U40-R9-PA12-LID-FRAME-BR,蓋フレーム BR,1,piece,,,,,,,,,PA12-HP; lid-frame finish not confirmed,candidate; physical fit not validated,,,,,unquoted,,Four separate locating-corner parts. Assembly screws/nuts are listed below.
hardware,existing-stock-bracket-20x20x16,在庫L字ブラケット,18,piece,,"[20,20,16]",,2,,,,,Existing metal stock; alloy unconfirmed,existing stock; thickness 2.0 mm measured,,,0,,existing stock; no incremental cash; product cost unknown,,"2.2 mm is a separate CAD allowance, not the measured thickness."
hardware,m5-case-mount-bolt,M5 本体固定ねじ,10,piece,,,,,,,,,Unselected; provisional fastener envelope,provisional; length and head diameter unconfirmed; 1.4 mm head height confirmed,,,,,unquoted,,M5 flat-head height 1.4 mm is user-confirmed; seated below the padder.
hardware,m5-panel-joint-bolt,M5 パネル接合ねじ,36,piece,,,,,,,,,Unselected; provisional fastener envelope,provisional; exact head diameter and length unconfirmed,,,,,unquoted,,Head height 1.4 mm is user-confirmed; seated below the padder.
hardware,m5-rail-end-bolt,M5 レール端ねじ,12,piece,,,,,,,,,Unselected; provisional fastener envelope,provisional; length unconfirmed,,,,,unquoted,,"M5 flat-head height 1.4 mm is user-confirmed, seated below the padder; exact shank length remains provisional. Rail unit manufacturing cost is excluded by request."
hardware,m5-washer-1mm,M5 ワッシャー,46,piece,,,1,,,,,,Unselected; OD/ID provisional,provisional; 1.0 mm thickness user-confirmed,,,,,unquoted,,Combined count: 10 outer washers and 36 panel-joint washers. Slot bearing coverage is not resolved.
hardware,m5-nut,M5 ナット,46,piece,,,,,,,,,Unselected; display-envelope dimensions provisional,provisional; nut type and dimensions unconfirmed,,,,,unquoted,,Envelope count comprises 10 case-mount and 36 panel-joint nuts.
hardware,inner-spacer-8mm,内側スペーサー,10,piece,,,8,,,,,,Unselected; OD/ID provisional,provisional; 8 mm thickness user-confirmed,,,,,unquoted,,Product dimensions and material are not selected.
hardware,m3-lid-frame-screw,M3 蓋板・フレーム組立ねじ,8,piece,,,,,,,,,Unselected; provisional hardware,"provisional; length, head, and tool access unconfirmed",,,,,unquoted,,"Eight plate-to-frame bores; these are lid-assembly screws, not lid-to-body locks."
hardware,m3-lid-frame-nut,M3 蓋板・フレーム組立ナット,8,piece,,,,,,,,,Unselected; provisional hardware,provisional; exact nut type and tool access unconfirmed,,,,,unquoted,,Eight plate-to-frame bores; these are not lid-to-body locks.
hardware,rubber-foot,ゴム足,4,piece,,,,,,,,,Black rubber candidate; product unselected,provisional; dimensions and attachment method unconfirmed,,,,,unquoted,,Display envelope only.
hardware,external-transport-strap,着脱式外周バンド,2,piece,,,,,,20.0,1.4,721.2,Generic external strap; material and product unselected,schematic estimate; not load-tested,,,,,unquoted,,"Geometric loop estimate excludes buckle, overlap, protrusions, and actual tightening."
coupon,C1-01,Baseline 40 mm body-guard section to trial over the matching 1.5 mm aluminum edge.,1,coupon units per source manifest,physical coupon count recorded by the source manifest,,,,,,,,,candidate physical-fit coupon; result not tested,,,,,unquoted,2,"Coupon manifest distinguishes the comparison setup from the count of CAD component files. Files: 7u40-r9-cpn-c1-01-qty1-mm.step, 7u40-r9-cpn-c1-01-qty1-mm.stl"
coupon,C1-02,Compare one guard-section parameter: fitClearancePerSideMm.,1,coupon units per source manifest,physical coupon count recorded by the source manifest,,,,,,,,,candidate physical-fit coupon; result not tested,,,,,unquoted,2,"Coupon manifest distinguishes the comparison setup from the count of CAD component files. Files: 7u40-r9-cpn-c1-02-qty1-mm.step, 7u40-r9-cpn-c1-02-qty1-mm.stl"
coupon,C1-03,Compare one guard-section parameter: fitClearancePerSideMm.,1,coupon units per source manifest,physical coupon count recorded by the source manifest,,,,,,,,,candidate physical-fit coupon; result not tested,,,,,unquoted,2,"Coupon manifest distinguishes the comparison setup from the count of CAD component files. Files: 7u40-r9-cpn-c1-03-qty1-mm.step, 7u40-r9-cpn-c1-03-qty1-mm.stl"
coupon,C1-04,Compare one guard-section parameter: adhesiveLayerMm.,1,coupon units per source manifest,physical coupon count recorded by the source manifest,,,,,,,,,candidate physical-fit coupon; result not tested,,,,,unquoted,2,"Coupon manifest distinguishes the comparison setup from the count of CAD component files. Files: 7u40-r9-cpn-c1-04-qty1-mm.step, 7u40-r9-cpn-c1-04-qty1-mm.stl"
coupon,C1-05,Compare one guard-section parameter: guardThicknessMm.,1,coupon units per source manifest,physical coupon count recorded by the source manifest,,,,,,,,,candidate physical-fit coupon; result not tested,,,,,unquoted,2,"Coupon manifest distinguishes the comparison setup from the count of CAD component files. Files: 7u40-r9-cpn-c1-05-qty1-mm.step, 7u40-r9-cpn-c1-05-qty1-mm.stl"
coupon,C1-06,Short two-piece pair for checking the centered guard split relief on an aluminum edge.,2,coupon units per source manifest,physical coupon count recorded by the source manifest,,,,,,,,,candidate physical-fit coupon; result not tested,,,,,unquoted,4,"Coupon manifest distinguishes the comparison setup from the count of CAD component files. Files: 7u40-r9-cpn-c1-06-a-qty1-mm.step, 7u40-r9-cpn-c1-06-a-qty1-mm.stl, 7u40-r9-cpn-c1-06-b-qty1-mm.step, 7u40-r9-cpn-c1-06-b-qty1-mm.stl"
coupon,C1-07,Short two-piece pair for checking the centered guard split relief on an aluminum edge.,2,coupon units per source manifest,physical coupon count recorded by the source manifest,,,,,,,,,candidate physical-fit coupon; result not tested,,,,,unquoted,4,"Coupon manifest distinguishes the comparison setup from the count of CAD component files. Files: 7u40-r9-cpn-c1-07-a-qty1-mm.step, 7u40-r9-cpn-c1-07-a-qty1-mm.stl, 7u40-r9-cpn-c1-07-b-qty1-mm.step, 7u40-r9-cpn-c1-07-b-qty1-mm.stl"
coupon,C1-AL-EDGE,Reusable small plate-edge fixture for the C1 PA12 guard coupons.,1,coupon units per source manifest,physical coupon count recorded by the source manifest,,,,,,,,,candidate physical-fit coupon; result not tested,,,,,unquoted,2,"Coupon manifest distinguishes the comparison setup from the count of CAD component files. Files: 7u40-r9-cpn-c1-al-edge-qty1-mm.step, 7u40-r9-cpn-c1-al-edge-qty1-mm.dxf"
coupon,C2-01,Local front body/guard/lid section for locator clearance and plate support trials.,1,coupon units per source manifest,one candidate scenario assembly; component CAD files are listed separately,,,,,,,,,candidate physical-fit coupon; result not tested,,,,,unquoted,12,"Coupon manifest distinguishes the comparison setup from the count of CAD component files. Files: 7u40-r9-cpn-c2-01-body-wall-qty1-mm.step, 7u40-r9-cpn-c2-01-body-wall-qty1-mm.stl, 7u40-r9-cpn-c2-01-body-wall-qty1-mm.dxf, 7u40-r9-cpn-c2-01-rail-envelope-qty1-mm.step, 7u40-r9-cpn-c2-01-rail-envelope-qty1-mm.stl, 7u40-r9-cpn-c2-01-guard-qty1-mm.step, 7u40-r9-cpn-c2-01-guard-qty1-mm.stl, 7u40-r9-cpn-c2-01-lid-frame-qty1-mm.step, 7u40-r9-cpn-c2-01-lid-frame-qty1-mm.stl, 7u40-r9-cpn-c2-01-lid-plate-qty1-mm.step, 7u40-r9-cpn-c2-01-lid-plate-qty1-mm.stl, 7u40-r9-cpn-c2-01-lid-plate-qty1-mm.dxf"
coupon,C2-02,Local front body/guard/lid section for locator clearance and plate support trials.,1,coupon units per source manifest,one candidate scenario assembly; component CAD files are listed separately,,,,,,,,,candidate physical-fit coupon; result not tested,,,,,unquoted,12,"Coupon manifest distinguishes the comparison setup from the count of CAD component files. Files: 7u40-r9-cpn-c2-02-body-wall-qty1-mm.step, 7u40-r9-cpn-c2-02-body-wall-qty1-mm.stl, 7u40-r9-cpn-c2-02-body-wall-qty1-mm.dxf, 7u40-r9-cpn-c2-02-rail-envelope-qty1-mm.step, 7u40-r9-cpn-c2-02-rail-envelope-qty1-mm.stl, 7u40-r9-cpn-c2-02-guard-qty1-mm.step, 7u40-r9-cpn-c2-02-guard-qty1-mm.stl, 7u40-r9-cpn-c2-02-lid-frame-qty1-mm.step, 7u40-r9-cpn-c2-02-lid-frame-qty1-mm.stl, 7u40-r9-cpn-c2-02-lid-plate-qty1-mm.step, 7u40-r9-cpn-c2-02-lid-plate-qty1-mm.stl, 7u40-r9-cpn-c2-02-lid-plate-qty1-mm.dxf"
coupon,C2-03,Local front body/guard/lid section for locator clearance and plate support trials.,1,coupon units per source manifest,one candidate scenario assembly; component CAD files are listed separately,,,,,,,,,candidate physical-fit coupon; result not tested,,,,,unquoted,12,"Coupon manifest distinguishes the comparison setup from the count of CAD component files. Files: 7u40-r9-cpn-c2-03-body-wall-qty1-mm.step, 7u40-r9-cpn-c2-03-body-wall-qty1-mm.stl, 7u40-r9-cpn-c2-03-body-wall-qty1-mm.dxf, 7u40-r9-cpn-c2-03-rail-envelope-qty1-mm.step, 7u40-r9-cpn-c2-03-rail-envelope-qty1-mm.stl, 7u40-r9-cpn-c2-03-guard-qty1-mm.step, 7u40-r9-cpn-c2-03-guard-qty1-mm.stl, 7u40-r9-cpn-c2-03-lid-frame-qty1-mm.step, 7u40-r9-cpn-c2-03-lid-frame-qty1-mm.stl, 7u40-r9-cpn-c2-03-lid-plate-qty1-mm.step, 7u40-r9-cpn-c2-03-lid-plate-qty1-mm.stl, 7u40-r9-cpn-c2-03-lid-plate-qty1-mm.dxf"
coupon,C3-01,"Two-face edge coupons for trialing a real L bracket, fasteners, washer coverage, adjustment and clamping.",1,coupon units per source manifest,physical coupon count recorded by the source manifest,,,,,,,,,candidate physical-fit coupon; result not tested,,,,,unquoted,4,"Coupon manifest distinguishes the comparison setup from the count of CAD component files. Files: 7u40-r9-cpn-c3-01-bottom-qty1-mm.step, 7u40-r9-cpn-c3-01-bottom-qty1-mm.dxf, 7u40-r9-cpn-c3-01-wall-qty1-mm.step, 7u40-r9-cpn-c3-01-wall-qty1-mm.dxf"
coupon,C3-02,"Two-face edge coupons for trialing a real L bracket, fasteners, washer coverage, adjustment and clamping.",1,coupon units per source manifest,physical coupon count recorded by the source manifest,,,,,,,,,candidate physical-fit coupon; result not tested,,,,,unquoted,4,"Coupon manifest distinguishes the comparison setup from the count of CAD component files. Files: 7u40-r9-cpn-c3-02-bottom-qty1-mm.step, 7u40-r9-cpn-c3-02-bottom-qty1-mm.dxf, 7u40-r9-cpn-c3-02-wall-qty1-mm.step, 7u40-r9-cpn-c3-02-wall-qty1-mm.dxf"
coupon,C3-03,"Two-face edge coupons for trialing a real L bracket, fasteners, washer coverage, adjustment and clamping.",1,coupon units per source manifest,physical coupon count recorded by the source manifest,,,,,,,,,candidate physical-fit coupon; result not tested,,,,,unquoted,4,"Coupon manifest distinguishes the comparison setup from the count of CAD component files. Files: 7u40-r9-cpn-c3-03-bottom-qty1-mm.step, 7u40-r9-cpn-c3-03-bottom-qty1-mm.dxf, 7u40-r9-cpn-c3-03-wall-qty1-mm.step, 7u40-r9-cpn-c3-03-wall-qty1-mm.dxf"
excluded_from_cost,7U40-R9-HW-RAIL-UNIT-ENVELOPE,40HP rail unit,6,piece,,,,,,,,,,existing source rail; cost excluded by request,,,,,excluded from cost by request,,Existing rail source; rail manufacturing cost is excluded by request.
excluded_from_cost,7U40-R9-PCB-FIXER,Fixer PCB,2,piece,,,1.6,,,,,,,user-confirmed existing source PCB,,,,,excluded from cost by request,,Existing source PCB; purchase/manufacturing cost excluded by request. PCB thickness 1.6 mm is user-confirmed.
excluded_from_cost,7U40-R9-PCB-PADDER-3U,3U padder PCB,4,piece,,,1.6,,,,,,,user-confirmed existing source PCB,,,,,excluded from cost by request,,Existing source PCB; purchase/manufacturing cost excluded by request. PCB thickness 1.6 mm is user-confirmed.
excluded_from_cost,7U40-R9-PCB-PADDER-1U,1U padder PCB,2,piece,,,1.6,,,,,,,user-confirmed existing source PCB,,,,,excluded from cost by request,,Existing source PCB; purchase/manufacturing cost excluded by request. PCB thickness 1.6 mm is user-confirmed.
