part,quantity,old_file,old_sha256,new_file,new_sha256
c1-metal-edge,1,engineering/r9-fitfix-01/out/coupons/c1-metal/7u40-r9f-c1-metal-edge-qty1-mm.step,96b1e980d4f64edcd41362a5fe5d0dc9ccfffe678fb1ac384a5ba276c703f6bd,step/7u40-r9a-c1-metal-edge-qty1-mm.step,d698dc851845b4c9f2a9c38e095ca8ad0ba80456c41490d6706c1c82b6169a44
c1-metal-edge,1,engineering/r9-fitfix-01/out/coupons/c1-metal/7u40-r9f-c1-metal-edge-qty1-mm.dxf,cfbfb94964fd001e00b3fff272d9bd80482b918533a98401b2fba4e222236d0f,dxf/7u40-r9a-c1-metal-edge-qty1-mm.dxf,e4ac30352a72d07caa57a75bb9dac38337f8d072ef8dc54f50f6dc5b40483637
c1-metal-edge,1,engineering/r9-fitfix-01/out/coupons/c1-metal/7u40-r9f-c1-metal-edge-qty1-mm.stl,253641ca51e6747977062e2a7a76b27211ea26c79ebb50fff092c91f21298d34,reference-stl/7u40-r9a-c1-metal-edge-qty1-mm.stl,13028d73073528d879d8b755ec06f3af2a4008a670bcf21af637ace74fd36dfa
c2-01-wall,1,engineering/r9-fitfix-01/out/coupons/c2-01/7u40-r9f-c2-01-wall-qty1-mm.step,b665109c5993d0165690b2d08df6430db651ab729a63480bf77e264f5f8cc870,step/7u40-r9a-c2-01-wall-qty1-mm.step,3c788e43745acdb9e8b879b18b912884de9bd5adb62e59406ead7f0cca37bc94
c2-01-wall,1,engineering/r9-fitfix-01/out/coupons/c2-01/7u40-r9f-c2-01-wall-qty1-mm.dxf,acb1517d5967f14bcc8cffdd80a526ac298486cc20957b12afef2aa32ed3585f,dxf/7u40-r9a-c2-01-wall-qty1-mm.dxf,b3ff99bfa50367538b72c23a1e32da0c96c71d42bef570c4c15da76a4d8fa743
c2-01-wall,1,engineering/r9-fitfix-01/out/coupons/c2-01/7u40-r9f-c2-01-wall-qty1-mm.stl,bc3cadc2e5a4654bc09c98c8830e0b88e61c23457d7ec5060a61664bf79c6583,reference-stl/7u40-r9a-c2-01-wall-qty1-mm.stl,16516dc6df822c5e483c200857db85c12f0dc21954970fd69819ce2fbf263d5f
c2-01-plate,1,engineering/r9-fitfix-01/out/coupons/c2-01/7u40-r9f-c2-01-plate-qty1-mm.step,5778e3c786f5349c3dd88b88ed63da8f09b7e1a06ec066fd96aa89d0744f3112,step/7u40-r9a-c2-01-plate-qty1-mm.step,91dbb02a22ff56b7c5e78174b03d9d3326337167d3091a12b80e46960b7349c2
c2-01-plate,1,engineering/r9-fitfix-01/out/coupons/c2-01/7u40-r9f-c2-01-plate-qty1-mm.dxf,4c95e5953b9490163a318d2d9822a44b5c1d20a6054d1960a947d666f5e7e18d,dxf/7u40-r9a-c2-01-plate-qty1-mm.dxf,747f6231c01309346361c483811752ea3cf45d392441f1cf39e86e0e99ba44b1
c2-01-plate,1,engineering/r9-fitfix-01/out/coupons/c2-01/7u40-r9f-c2-01-plate-qty1-mm.stl,da6cf4a7ee8ab636f8af53ba6bcda5a37192707441da651ea076da464f386b54,reference-stl/7u40-r9a-c2-01-plate-qty1-mm.stl,32ca16a17564af81d21f4dd8073912367531430c412e9347518f546b42f03c02
c4-01-floor,1,engineering/r9-fitfix-01/out/coupons/c4-01/7u40-r9f-c4-01-floor-qty1-mm.step,6c21614c25f571960ea7834a39b6d96fafa96971cd1363f32650ff22c83f0981,step/7u40-r9a-c4-01-floor-qty1-mm.step,dab7bec7fa297a65b2b48593fb748caebf93cf379e5432e25c2e87ca0da713d2
c4-01-floor,1,engineering/r9-fitfix-01/out/coupons/c4-01/7u40-r9f-c4-01-floor-qty1-mm.dxf,5644862d7ac3390fb53ca2c554673c5b384ad6183fd46dae2691f3d40ff16fc1,dxf/7u40-r9a-c4-01-floor-qty1-mm.dxf,5ebcfaf99a034fe580223ed823b1791faff303ca1872b363521031cfac1e0318
c4-01-floor,1,engineering/r9-fitfix-01/out/coupons/c4-01/7u40-r9f-c4-01-floor-qty1-mm.stl,db7cfe77049539fa1bd40ef74d3424577fecd7c90b1cf8cc8618a84884b39b56,reference-stl/7u40-r9a-c4-01-floor-qty1-mm.stl,fd891b99565310900cdb6529fbeb552e96c6dcd4c3b48b5c717a8a5a610500db
c4-01-wall,1,engineering/r9-fitfix-01/out/coupons/c4-01/7u40-r9f-c4-01-wall-qty1-mm.step,5f93a830222b02953328c15e22c7db98a3c71337c657c33bea06c94d3ac51306,step/7u40-r9a-c4-01-wall-qty1-mm.step,d2182dabfd9084ccdf1295d6a9f8fc2df1700407dd319314145c7b188f6b0202
c4-01-wall,1,engineering/r9-fitfix-01/out/coupons/c4-01/7u40-r9f-c4-01-wall-qty1-mm.dxf,daf29923d8d416231db5fcf2bf0c04d8722789c2f87e392bd1f739d11344f383,dxf/7u40-r9a-c4-01-wall-qty1-mm.dxf,1e478d9d3795806a071a43a6b65ebf3f2df110026da453dfbc61f1e803a9339b
c4-01-wall,1,engineering/r9-fitfix-01/out/coupons/c4-01/7u40-r9f-c4-01-wall-qty1-mm.stl,39ed891e457b35b0e153315f5b12ab257b782039afef6b5b3c799c8a53e02e3b,reference-stl/7u40-r9a-c4-01-wall-qty1-mm.stl,e87e84e43c8ca0a9c2585a0877831334d56355d74c0d1c451573c856dd86eedd
c5-01-front,1,engineering/r9-fitfix-01/out/coupons/c5-01/7u40-r9f-c5-01-front-qty1-mm.step,a900b059cbae0aa43cd33e189459bd6e6f02c06733c54e54c13a3f9741430095,step/7u40-r9a-c5-01-front-qty1-mm.step,c597ef206ec1220b78d24e0a497411f5155acbf26c662e66e0833b8522311987
c5-01-front,1,engineering/r9-fitfix-01/out/coupons/c5-01/7u40-r9f-c5-01-front-qty1-mm.dxf,2dabc397a3dd415361c5ec18d3f26767e958e7ed0668cd56277b6671a7722ff7,dxf/7u40-r9a-c5-01-front-qty1-mm.dxf,260ab849133a6273cb72d93aade6ee13f721216ce651a03d776d3d4977697629
c5-01-front,1,engineering/r9-fitfix-01/out/coupons/c5-01/7u40-r9f-c5-01-front-qty1-mm.stl,a5449ea295d5fe1ad9ebfd306bb8cff83b602e9a5078a81e280fb3d3d68c6751,reference-stl/7u40-r9a-c5-01-front-qty1-mm.stl,eadf53ab49b9a75795e411fb4242a00d6ded0b6ae4e43bf34ee0d27152204226
c5-01-left,1,engineering/r9-fitfix-01/out/coupons/c5-01/7u40-r9f-c5-01-left-qty1-mm.step,265773012208add9d31cee046cd805c6b14e64d78142b31689cac01af60c0806,step/7u40-r9a-c5-01-left-qty1-mm.step,bf96db8eb716fc75e3804daa804a79c50b736c7b4f63b19fb37371f3f5e88f52
c5-01-left,1,engineering/r9-fitfix-01/out/coupons/c5-01/7u40-r9f-c5-01-left-qty1-mm.dxf,dd30b8aca768f5bc5bd90ccde4eb8aedf822f5fb1e0732c48da638e89f8c08b0,dxf/7u40-r9a-c5-01-left-qty1-mm.dxf,37b969cc6c0a620b08f1509efd0bbb9cd14a84816b10f785cc27843ca106f586
c5-01-left,1,engineering/r9-fitfix-01/out/coupons/c5-01/7u40-r9f-c5-01-left-qty1-mm.stl,e08f89b5f3994fad632ef5dcf02eb84e54019d085084a3ff841a8be60c4b2f29,reference-stl/7u40-r9a-c5-01-left-qty1-mm.stl,213add1876136067120c5fcda0aad6471e4627f6f4785b38d29526a5b9284202
c3-01-bottom,1,engineering/r9-prototype-01/out/coupons/7u40-r9-cpn-c3-01-bottom-qty1-mm.step,a250dda6531aa5cc21d360ec6b758aa3dc46964bc39812a40333e5c1c33ec87b,step/7u40-r9a-c3-01-bottom-qty1-mm.step,262e8bc056d5d6118b12103cabc3a9df0928541affaafe2c70d25a1e953cc9fe
c3-01-bottom,1,engineering/r9-prototype-01/out/coupons/7u40-r9-cpn-c3-01-bottom-qty1-mm.dxf,57cbf74b25e8756cb80e06be475a035616f02879238623301bf70ecc76e47e7c,dxf/7u40-r9a-c3-01-bottom-qty1-mm.dxf,30f93531e1a11538c49c7b11d192d43b64d72929e9ec3c036fc4a7a53ca61d1c
c3-01-bottom,1,new reference STL,REFERENCE ONLY,reference-stl/7u40-r9a-c3-01-bottom-qty1-mm.stl,9cf0e599dfc0f304527c7fbadccadf9e150244a3ff9af84d62e0b34c8b4b143f
c3-01-wall,1,engineering/r9-prototype-01/out/coupons/7u40-r9-cpn-c3-01-wall-qty1-mm.step,0ffece8d4bc2e1daf2febb845320893912507e999da6593e88850d7cdc491a8c,step/7u40-r9a-c3-01-wall-qty1-mm.step,a49b2f2deee5434d157f9e0b33f3ccdecb457cd5d27d7a06633f3e595c42b34e
c3-01-wall,1,engineering/r9-prototype-01/out/coupons/7u40-r9-cpn-c3-01-wall-qty1-mm.dxf,2414b343bbf33c0ab93b31c7c24c627ff81fb99a0ca613a0e95fd9cd1a18b2e5,dxf/7u40-r9a-c3-01-wall-qty1-mm.dxf,c6ae85f5c7663b9e505a7b9c8452b57effe8d8a004b5ff4f0a8f8cd0fe517a26
c3-01-wall,1,new reference STL,REFERENCE ONLY,reference-stl/7u40-r9a-c3-01-wall-qty1-mm.stl,68cc64c943ca45072e1250ffd1f8e6b4183912c2931e221c8eb03681fbbba315
c3-02-bottom,1,engineering/r9-prototype-01/out/coupons/7u40-r9-cpn-c3-02-bottom-qty1-mm.step,c97070bc259cb2465cda8b15d997d58f156941d90787d0e0256b964e0b3b66cf,step/7u40-r9a-c3-02-bottom-qty1-mm.step,f354873313963b19894cd2658c339572d3f69eab1df13f73c2ef93012d093742
c3-02-bottom,1,engineering/r9-prototype-01/out/coupons/7u40-r9-cpn-c3-02-bottom-qty1-mm.dxf,8441f6e8bdce564262a3500d16380fd7f863af98247ee13b9204ce0f63a40ee8,dxf/7u40-r9a-c3-02-bottom-qty1-mm.dxf,ddca863dbb12a432c3053f04f1d7519c17754256afc03e60f0c9049c8c58a1d3
c3-02-bottom,1,new reference STL,REFERENCE ONLY,reference-stl/7u40-r9a-c3-02-bottom-qty1-mm.stl,72164d3464cdcabe93f0eff97cc7342d1966409621ef31227f160c737e2681d0
c3-02-wall,1,engineering/r9-prototype-01/out/coupons/7u40-r9-cpn-c3-02-wall-qty1-mm.step,b29008e9ce4d86e4b6951c28bda0872dcaa88b1aeb57d5d668b17f89057ba9c2,step/7u40-r9a-c3-02-wall-qty1-mm.step,3c5f86f514060724895ac0fc65cc03bfffb8bf66546680a13280e44393defe0a
c3-02-wall,1,engineering/r9-prototype-01/out/coupons/7u40-r9-cpn-c3-02-wall-qty1-mm.dxf,1b57082da9d56b0a0b9854f2781e444b12f2f6546c591dc346cc57be9c030c50,dxf/7u40-r9a-c3-02-wall-qty1-mm.dxf,604ceb19a1f57c5c449a6f4a1c40fa9249ed187e8c6ee5ca6c340ee1c8a290b2
c3-02-wall,1,new reference STL,REFERENCE ONLY,reference-stl/7u40-r9a-c3-02-wall-qty1-mm.stl,47fafae640b1f6ad2d1acc6aea1460754365902d5e8b2bf37a1547206c5d7268
c3-03-bottom,1,engineering/r9-prototype-01/out/coupons/7u40-r9-cpn-c3-03-bottom-qty1-mm.step,d06644a1f9a86008dbd536c6cdf7647df5a55ca0afb125afdbccca6fe9ae2560,step/7u40-r9a-c3-03-bottom-qty1-mm.step,1b4b8ca83a7aad0f2a90cc5e8ea8136af72108417ce068cd9c862802c03d5b2f
c3-03-bottom,1,engineering/r9-prototype-01/out/coupons/7u40-r9-cpn-c3-03-bottom-qty1-mm.dxf,46728be4508067b2c542116c46bc643f7c346a8f31644f630a2c197e60445ec7,dxf/7u40-r9a-c3-03-bottom-qty1-mm.dxf,801920b7f40e23bfd1530745935a9065e3ed18810f060bba439f6a347e6b4899
c3-03-bottom,1,new reference STL,REFERENCE ONLY,reference-stl/7u40-r9a-c3-03-bottom-qty1-mm.stl,94b68d33ac191b2ffc543183832e91a27d5abd5ee026d70d68f8278dc8f0d488
c3-03-wall,1,engineering/r9-prototype-01/out/coupons/7u40-r9-cpn-c3-03-wall-qty1-mm.step,ae5b4e875a21afa56bc93a6753cbeb0a77f510f9fb7972cffb23d4a2fe9583b4,step/7u40-r9a-c3-03-wall-qty1-mm.step,d5b16fe2d1e08a154f414a6662bb52d621bce3f74df4a6788b74322bdf17829f
c3-03-wall,1,engineering/r9-prototype-01/out/coupons/7u40-r9-cpn-c3-03-wall-qty1-mm.dxf,77b3fd15298e7cf4cb056c4818b11fd78a6c3de112bfef68059b9666889f362c,dxf/7u40-r9a-c3-03-wall-qty1-mm.dxf,4617510d5555425bff0490e03102ab18a9acc1ec2bcb7085692167750ee58212
c3-03-wall,1,new reference STL,REFERENCE ONLY,reference-stl/7u40-r9a-c3-03-wall-qty1-mm.stl,bac8989008394b1e31209f134ce5e48074af4adcb4999cb56fa94e037ff301a6
